ID,VH_seq,VL_seq
Naive1,QITLKESGPTLVKPTQTLTLTCTFSGFSLSTSGVGVGWIRQPPGKALEWLALIYWNDDKRYSPSLKSRLTITKDTSKNQVVLTMTNMDPVDTATYYCAHSQWLPQLYGMDVWGQGTTVTVSS,DIQMTQSPSSLSASVGDRVTITCRASQGISNYLAWFQQKPGKAPKSLIYAASSLQSGVPSKFSGSGSGTDFTLTISSLQPEDFATYYCQQYNSYPLTFGPGTKVDIK
Naive2,QVQLVQSGAEVKKPGASVKVSCKVSGYTLTELSMHWVRQAPGKGLEWMGGFDPEDGETIYAQKFQGRVTMTEDTSTDTAYMELSSLRSEDTAVYYCATLPMRTTVVTPGWGQGTLVTVSS,DVVMTQSPLSLPVTLGQPASISCRSSQSLVYSDGNTYLNWFQQRPGQSPRRLIYKVSNRDSGVPDRFSGSGSGTDFTLKISRVEAEDVGVYYCMQGTHWPRTFGQGTKLEIK
Naive3,EVQLVESGGGLVQPGRSLRLSCAASGFTFDDYAMHWVRQAPGKGLEWVSGISWNSGSIGYADSVKGRFTISRDNAKNSLYLQMNSLRAEDTALYYCALAVAGYYYGMDVWGQGTTVTVSS,SYELTQPPSVSVSPGQTASITCSGDKLGDKYACWYQQKPGQSPVLVIYQDSKRPSGIPERFSGSNSGNTATLTISGTQAMDEADYYCQAWDSSTAVFGTGTKVTVL
Naive4,EVQLVESGGGLVQPGRSLRLSCTASGFTFGDYAMSWVRQAPGKGLEWVGFIRSKAYGGTTEYAASVKGRFTISRDDSKSIAYLQMNSLKTEDTAVYYCTRITGTTLFDYWGQGTLVTVSS,QSALTQPASVSGSPGQSITISCTGTSSDVGSYNLVSWYQQHPGKAPKLMIYEVSKRPSGVSNRFSGSKSGNTASLTISGLQAEDEADYYCCSYAGSSTFWVFGGGTKLTVL
Naive5,QLQLQESGPGLVKPSETLSLTCTVSGGSISSSSYYWGWIRQPPGKGLEWIGSIYYSGSTYYNPSLKSRVTISVDTSKNQFSLKLSSVTAADTAVYYCARTTVFWSGYFSPDHDAFDIWGQGTMVTVSS,QSVLTQPPSASGTPGQRVTISCSGSSSNIGSNYVYWYQQLPGTAPKLLIYRNNQRPSGVPDRFSGSKSGTSASLAISGLRSEDEADYYCAAWDDSLSGPVFGGGTQLTVL
Mature1,QVQLVQSGAEVKKPGSSVKVSCKTSGGAFSSHAISWVRQAPGQGLEWMGGIIPFLGATDYAQKFQGRFTITADESTSTAYMELTSLTSEDTAVYYCARGPGGIPVALGDWFDPWGQGTPVTVSS,EIVMTQSPATLSVSPGDRATLSCRTSLSVRNNLAWYQQKPGQAPRLLIYGASTRATGLPDRFSGSGSGTEFTLTISSLQSEDFAVYYCQQYDSWPRTFGQGTKVEIK
Mature2,QVTLRESGPALVKPTQTLTLTCTFSGFSLSSSPTCVTWIRQPPGKALEWLARFDWNEDKYYRTSLQTRLTVSKDPSKDQVVLTMTNMHPEDTATYYCARVDAGVVSDWGQGILVTVSS,DIQMTQSPSTLSAFVGDRVTIACRASQSIGNWVAWFQQKPGKAPKLLIYRASTLGNGVPSRFSGSGSGTEFTLTISSLQPDDFATYYCQQYNSYFQTFGQGTKVEIK
Mature3,EVQLVQSGAAVRKPGESLRISCEGSGYSFSSFWIGWVRQTPAKGLEWMGIIYPGDSDTRYSPSFQGQVTISVDKSINTAYLHWSSLRASDTAIYYCARRWGVADAEVITVDPVKYYMDVWGTGTAVIVSS,NIVLTQTPLSLPVTPGEPASISCRSNQSLFDSVDGHTYVDWYLQRPGQSLQPLIYTLSFRASGVPHRFSGSGSGTDFTLTISRVEAEDVGVYYCMQRIAFPLYTFGQGTRLEIK
Mature4,QVQLVQSGAEVKKPGSSVKVSCRASGGTFTTYSITWVRQAPGQGLEWMGRIIPMFGITNNAQKFEGRVTITADKSSSTAYMELKSLRIDDTAMYYCARDDQYDSNVWGALDIWGHGTMVTVSA,DVVMTQSPLSLPVTLGQPASIFCRSSQSLADSAGNTYLNWFQQRPGQSPRRLIYKVSNRDSGVPDRFSGSGSGTDFTLKISRVEAEDVGVYYCMQGTHWPLTFGGGTKVEIK
Mature5,QLHLQESGPGLVKPSETLSLTCTVSGGSISTSSYYWGWIRQPPGKGLEWIGNIYYTGSTYYNPSLKSRVTISVDTSKNQFSLKLSSVTAADTAVYFCARTLREQWLTRQGASSFDHWGQGTLVTVSS,EIVMTQSPATLSVSPGERATLSCRASQSVSSNLAWYQQKPGQAPRLLIYGASTRATGIPARFSGTGSGTEFTLTISSLQSEDFAVYYCQQYNNWLPMYTFGQGTKLEIK
